{"train_loss": [0.4137723868620311, 0.1071644015346013, 0.04730313466795793, 0.04369426280894178, 0.039963610628817946, 0.04065769953085176, 0.03819834382821482, 0.0368995264912328, 0.03697702732492, 0.03670892055998457, 0.036094766136602306, 0.03643713690710406, 0.03916033151301932, 0.038751709123029776, 0.035750046266731644, 0.03530001513501431, 0.033582865769136036, 0.03283520370510453, 0.032799224058787026, 0.03199817145124395, 0.031806613959319205, 0.03156146850991756, 0.031184381204293975, 0.030758474735503503, 0.03079877085719548, 0.030504650680731375, 0.03033024875830251, 0.030119291434051298, 0.029954519254941466, 0.029433445727571526, 0.029320973453792275, 0.02910807749903794, 0.028936467694898025, 0.028710345427195232, 0.028802256634894836, 0.028487373751105993, 0.028252538214338586, 0.02841373157839403, 0.02810001880564588, 0.02761415513694709], "val_loss": [0.28164569867981804, 0.06130078103807238, 0.05390251013967726, 0.04688443077935113, 0.04613264732890659, 0.04978157083193461, 0.04729229874081082, 0.0459050370587243, 0.046594844924079046, 0.04525612129105462, 0.044658763541115656, 0.04839585887061225, 0.049911816914876304, 0.047161221504211426, 0.047111567523744374, 0.04800969362258911, 0.04511083496941461, 0.04504072003894382, 0.04486173060205248, 0.043534570270114474, 0.04315175943904453, 0.04432144098811679, 0.044163548284106784, 0.045274449719323054, 0.044167700741026134, 0.0438328484694163, 0.04412956039110819, 0.043599360518985324, 0.04516232344839308, 0.043622997072007924, 0.04343172907829285, 0.04351729816860623, 0.0427454047732883, 0.043516827954186335, 0.04329219791624281, 0.04268441266483731, 0.04295244481828478, 0.046854257583618164, 0.04426391257180108, 0.04310467508104113]}